
/*!40101 SET @OLD_CHARACTER_SET_CLIENT=@@CHARACTER_SET_CLIENT */;
/*!40101 SET @OLD_CHARACTER_SET_RESULTS=@@CHARACTER_SET_RESULTS */;
/*!40101 SET @OLD_COLLATION_CONNECTION=@@COLLATION_CONNECTION */;
/*!40101 SET NAMES binary */;
/*!40103 SET @OLD_TIME_ZONE=@@TIME_ZONE */;
/*!40103 SET TIME_ZONE='+00:00' */;
/*!40014 SET @OLD_UNIQUE_CHECKS=@@UNIQUE_CHECKS, UNIQUE_CHECKS=0 */;
/*!40014 SET @OLD_FOREIGN_KEY_CHECKS=@@FOREIGN_KEY_CHECKS, FOREIGN_KEY_CHECKS=0 */;
/*!40101 SET @OLD_SQL_MODE=@@SQL_MODE, SQL_MODE='NO_AUTO_VALUE_ON_ZERO' */;
/*!40111 SET @OLD_SQL_NOTES=@@SQL_NOTES, SQL_NOTES=0 */;
/*!50717 SELECT COUNT(*) INTO @rocksdb_has_p_s_session_variables FROM INFORMATION_SCHEMA.TABLES WHERE TABLE_SCHEMA = 'performance_schema' AND TABLE_NAME = 'session_variables' */;
/*!50717 SET @rocksdb_get_is_supported = IF (@rocksdb_has_p_s_session_variables, 'SELECT COUNT(*) INTO @rocksdb_is_supported FROM performance_schema.session_variables WHERE VARIABLE_NAME=\'rocksdb_bulk_load\'', 'SELECT 0') */;
/*!50717 PREPARE s FROM @rocksdb_get_is_supported */;
/*!50717 EXECUTE s */;
/*!50717 DEALLOCATE PREPARE s */;
/*!50717 SET @rocksdb_enable_bulk_load = IF (@rocksdb_is_supported, 'SET SESSION rocksdb_bulk_load = 1', 'SET @rocksdb_dummy_bulk_load = 0') */;
/*!50717 PREPARE s FROM @rocksdb_enable_bulk_load */;
/*!50717 EXECUTE s */;
/*!50717 DEALLOCATE PREPARE s */;
DROP TABLE IF EXISTS `awards`;
/*!40101 SET @saved_cs_client     = @@character_set_client */;
/*!40101 SET character_set_client = utf8 */;
CREATE TABLE `awards` (
  `AwardId` int(11) NOT NULL AUTO_INCREMENT,
  `AwardName` varchar(200) NOT NULL,
  `AwardDescription` varchar(6500) NOT NULL,
  `AwardPath` varchar(1000) NOT NULL,
  `Scores` int(11) DEFAULT NULL,
  PRIMARY KEY (`AwardId`)
) ENGINE=InnoDB AUTO_INCREMENT=17 DEFAULT CHARSET=utf8mb4;
/*!40101 SET character_set_client = @saved_cs_client */;

LOCK TABLES `awards` WRITE;
/*!40000 ALTER TABLE `awards` DISABLE KEYS */;
INSERT INTO `awards` VALUES (1,_binary 'Добро пожаловать!',_binary 'Условие получения: Зарегистрироваться на сайте',_binary '1.Добро_пожаловать!.png',20),(2,_binary 'Первая книга',_binary 'Условие получения: Добавить первую прочитанную книгу.',_binary '2.Первая_книга.png',5),(3,_binary 'Начинающий детектив',_binary 'Условие получения: Добавить 5 детективов в прочитанные',_binary '3.Начинающий_детектив.png',10),(4,_binary 'Романтик',_binary 'Условие получения: Добавить 5 любовных романов в прочитанные',_binary '4.Романтик.png',10),(5,_binary 'Смельчак',_binary 'Условие получения: Добавить 5 книг в жанре ужасы в прочитанные',_binary '5.Смельчак.png',10),(6,_binary 'Классик',_binary 'Условие получения: Добавить 5 книг из раздела \"Классика\" в прочитанные',_binary '6.Классик.png',10),(7,_binary 'Искатель приключений',_binary 'Условие получения: Добавить 5 приключенческих книг в прочитанное',_binary '7.Искатель_приключений.png',10),(8,_binary 'Фантазер',_binary 'Условие получения: Добавить 5 книг в жанре фэнтези в прочитанное',_binary '8.Фантазер.png',10),(9,_binary 'Мудрец',_binary 'Условие получения: Написать 100 рецензий на книги',_binary '9.Мудрец.png',100),(10,_binary 'Историк',_binary 'Условие получения: Добавить 5 исторических книг в прочитанное',_binary '10.Путешественник.png',10),(11,_binary 'Ученый\r\n',_binary 'Условие получения: Добавить 5 книг из жанра \"Научная литература\" в прочитанное',_binary '11.Ученый.png',10),(12,_binary 'Молодой поэт',_binary 'Условие получения: Добавить 5 сборников стихотворений в прочитанное',_binary '12.Молодой_поэт.png',10),(13,_binary 'Творец',_binary 'Условие получения: Написать 5 рецензий на книги',_binary '13.Творец.png',5),(15,_binary 'Литературный блогер',_binary 'Условие получения: Появился первый подписчик',_binary '15.Литературный_блогер.png',15),(16,_binary 'Фанат',_binary 'Условие получения: Подписаться на другого читателя',_binary '16.Фанат.png',5);
/*!40000 ALTER TABLE `awards` ENABLE KEYS */;
UNLOCK TABLES;
DROP TABLE IF EXISTS `awardsreceived`;
/*!40101 SET @saved_cs_client     = @@character_set_client */;
/*!40101 SET character_set_client = utf8 */;
CREATE TABLE `awardsreceived` (
  `ReceiveId` int(11) NOT NULL AUTO_INCREMENT,
  `Award` int(11) NOT NULL,
  `UserId` int(11) NOT NULL,
  PRIMARY KEY (`ReceiveId`),
  KEY `AwardId` (`Award`),
  KEY `UserId` (`UserId`),
  CONSTRAINT `awardsreceived_ibfk_1` FOREIGN KEY (`UserId`) REFERENCES `user` (`UserId`),
  CONSTRAINT `awardsreceived_ibfk_2` FOREIGN KEY (`Award`) REFERENCES `awards` (`AwardId`)
) ENGINE=InnoDB AUTO_INCREMENT=62 DEFAULT CHARSET=utf8mb4;
/*!40101 SET character_set_client = @saved_cs_client */;

LOCK TABLES `awardsreceived` WRITE;
/*!40000 ALTER TABLE `awardsreceived` DISABLE KEYS */;
INSERT INTO `awardsreceived` VALUES (1,1,5),(2,1,2),(18,1,3),(21,1,4),(38,1,22),(41,1,23),(46,15,2),(47,2,2),(50,16,3),(51,2,3),(52,15,4),(53,2,4),(54,16,4),(55,15,5),(56,2,5),(57,16,5),(61,16,2);
/*!40000 ALTER TABLE `awardsreceived` ENABLE KEYS */;
UNLOCK TABLES;
DROP TABLE IF EXISTS `book`;
/*!40101 SET @saved_cs_client     = @@character_set_client */;
/*!40101 SET character_set_client = utf8 */;
CREATE TABLE `book` (
  `BookId` int(11) NOT NULL AUTO_INCREMENT,
  `BookName` varchar(6500) NOT NULL,
  `Author` varchar(6500) NOT NULL,
  `Genre` int(11) NOT NULL,
  `BookDescription` longtext,
  `AverageScore` float DEFAULT NULL,
  `BookImage` varchar(600) DEFAULT NULL,
  `ModerationPassed` bit(1) DEFAULT NULL,
  PRIMARY KEY (`BookId`),
  KEY `GenreId` (`Genre`),
  CONSTRAINT `book_ibfk_1` FOREIGN KEY (`Genre`) REFERENCES `genre` (`GenreId`)
) ENGINE=InnoDB AUTO_INCREMENT=118 DEFAULT CHARSET=utf8mb4;
/*!40101 SET character_set_client = @saved_cs_client */;

LOCK TABLES `book` WRITE;
/*!40000 ALTER TABLE `book` DISABLE KEYS */;
INSERT INTO `book` VALUES (1,_binary 'Евгений Онегин',_binary 'Пушкин А.С.',4,_binary '«Евгений Онегин» — роман в стихах, написанный А. С. Пушкиным в 1823–1830 годах. Произведение отражает основные социальные явления того времени — развитие русского общества и драматическую судьбу дворянства. \n\nГлавный герой, молодой дворянин Евгений Онегин, разочарован в жизни. После смерти дяди ему в наследство достаётся имение, куда он и переезжает. Здесь он знакомится с соседями, семьёй Лариных и поэтом Ленским. В семье Лариных есть две дочери Ольга и Татьяна. Татьяна влюбляется в Онегина и пишет ему письмо с признанием, но Онегин отвергает её. Она глубоко переживает безразличие Онегина и страдает от безответной любви. Однажды Ленский приглашает Онегина на именины Татьяны. Онегину там становится скучно, и он от злости на друга, за то, что тот его привёз туда, танцует с его невестой Ольгой. Из-за ревности Ленский вызывает Онегина на дуэль и погибает. Онегин после этого случая уезжает, а Татьяна несколько позже выходит замуж и с мужем переезжает в Петербург. После своих путешествий, через два года, Онегин приезжает в Петербург и встречает там замужнюю Татьяну.',4,_binary '1.jpg',_binary ''),(2,_binary 'Мастер и Маргарита',_binary 'Булгаков М.А.',2,_binary '«Мастер и Маргарита» М. А. Булгакова — одно из самых известных и обсуждаемых произведений русской литературы XX века. Этот роман-мистерия сочетает в себе элементы фантастики, сатиры, философии и любовной истории.\n\nСюжет начинается с того, как устоявшийся советский быт нарушается появлением чужака: в Москву конца 1920-х годов приезжает загадочный иностранец Воланд в окружении эксцентричной свиты и вскоре вовлекает в череду невероятных событий москвичей, оказавшихся на его пути. Истинная цель Воланда — найти Мастера, автора романа о евангельской истории, и его возлюбленную.\n\nВ романе переплетаются две сюжетные линии: действие происходит в современной автору Москве конца 1920-х — начала 1930-х годов и библейском Ершалаиме. Они связаны между собой не только через произведение Мастера об истории Иешуа, но и общими темами. ',NULL,_binary '2.jpg',_binary ''),(3,_binary 'Война и мир',_binary 'Толстой Л.Н.',4,_binary '«Война и мир» — роман-эпопея Льва Николаевича Толстого, написанный в 1863–1869 годах. Произведение описывает русское общество в эпоху войн против Наполеона в 1805–1812 годах. Эпилог романа доводит повествование до 1820 года.\n\nВ романе развиваются две сюжетные линии: историческая и личная судьба героев. Описаны значимые события: Аустерлицкая, Шенграбенская и Бородинская битвы, взятие Смоленска и сдача Москвы. Ключевое историческое событие — Бородинское сражение 1812 года, занимающее около 20 глав. ',3,_binary '3.jpg',_binary ''),(4,_binary 'Преступление и наказание',_binary 'Достоевский Ф.М.',1,_binary '«Преступление и наказание» — роман Фёдора Достоевского, в котором рассказывается о бывшем студенте Родионе Раскольникове. Он живёт в нищете и является единственной надеждой матери и сестры, но не оправдывает их ожиданий.\n\nРаскольников разрабатывает теорию, согласно которой самым необыкновенным людям в мире должно быть позволено совершать любые преступления во имя всеобщего блага человечества. Чтобы проверить свою теорию, он убивает старуху-процентщицу Алёну Ивановну и её сводную сестру Лизавету. ',4.5,_binary '4.jpg',_binary ''),(5,_binary 'Горе от ума',_binary 'Грибоедов А.С.',4,_binary '«Горе от ума» — комедия в стихах Александра Сергеевича Грибоедова, в которой рассказывается о противоречии между новым поколением дворян и старой замкнутой системой ценностей. \n\nМолодой дворянин Александр Андреевич Чацкий возвращается из-за границы к своей возлюбленной — Софье Павловне Фамусовой, которую не видел три года. Вопреки ожиданиям, Софья встречает его очень холодно. Оказывается, она влюблена в другого — молодого секретаря Алексея Степановича Молчалина, который притворяется, что любит её, но на деле изображает это только из выгоды. ',3,_binary '5.jpg',_binary ''),(6,_binary 'Отцы и дети',_binary 'Тургенев И.С.',2,_binary 'Роман о конфликте поколений в русском обществе середины XIX века.',3,_binary '6.jpg',_binary ''),(7,_binary 'Мертвые души',_binary 'Гоголь Н.В.',4,_binary 'Главный герой, Павел Иванович Чичиков, путешествует по России, чтобы приобрести у помещиков «мёртвые души» — крестьян, которые умерли после последней переписи, но ещё не исключены из списка крестьянского населения. Чичиков собирается использовать эти «мёртвые души» в качестве залога для получения кредита в банке. В своих путешествиях Чичиков сталкивается с различными помещиками, которые относятся к нему по-разному. Некоторые помещики пытаются узнать истинные намерения Чичикова, другие увлекаются идеей «мёртвых душ» и предлагают ему купить крестьян за небольшие деньги',3.5,_binary '7.jpg',_binary ''),(8,_binary 'Идиот',_binary 'Достоевский Ф.М.',1,_binary 'Молодой князь Лев Николаевич Мышкин возвращается в Петербург из Швейцарии, где лечился от тяжёлой нервной болезни. После нескольких лет почти затворнической жизни он попадает в эпицентр петербургского общества. Князь жалеет этих людей, видит, что они гибнут, пытается спасти, но, несмотря на все усилия, ничего не может изменить. В конечном итоге Мышкина доводят до потери рассудка те люди, которым он более всего пытался помочь.',4,_binary '8.jpg',_binary ''),(9,_binary 'Братья Карамазовы',_binary 'Достоевский Ф.М.',1,_binary 'Философский роман о семейных конфликтах и поиске веры.',NULL,NULL,_binary ''),(10,_binary 'Обломов',_binary 'Гончаров И.А.',4,_binary '«Обломов» — роман Ивана Александровича Гончарова, повествующий о человеке, предпочитающем безделье и праздность иным радостям жизни. Сюжетную основу романа составляет история драматической судьбы Ильи Ильича Обломова — дворянина и помещика — и его любви к Ольге Ильинской, девушке «цельного и одухотворённого характера». ',NULL,NULL,_binary ''),(11,_binary 'Что делать?',_binary 'Чернышевский Н.Г.',2,_binary 'Роман о борьбе за права женщин и социальное равенство.',NULL,NULL,_binary ''),(12,_binary 'Двенадцать стульев',_binary 'Ильф И.А., Петров Е.П.',3,_binary 'Сатирический роман о поисках сокровищ.',NULL,NULL,_binary ''),(13,_binary 'Золотой теленок',_binary 'Ильф И.А.',3,_binary '«Золотой телёнок» — сатирический роман Ильи Ильфа и Евгения Петрова, написанный в 1931 году. В основе сюжета — дальнейшие приключения центрального персонажа «Двенадцати стульев» Остапа Бендера, происходящие на фоне картин советской жизни начала 1930-х годов. \n\nОстап Бендер, чудом выжив после покушения Воробьянинова, не оставляет мечту стать миллионером. Случайно узнав о существовании некоего подпольного советского миллионера, он отправляется на его поиски в компании с колоритными персонажами — мелким жуликом Шурой Балагановым, профессиональным мошенником Паниковским и водителем допотопного автомобиля Адамом Козлевичем.',NULL,NULL,_binary ''),(14,_binary 'Доктор Живаго',_binary 'Пастернак Б.Л.',4,_binary 'Роман о любви на фоне революции и гражданской войны.',NULL,NULL,_binary ''),(15,_binary 'Москва — Петушки',_binary 'Ерофеев В.В.',3,_binary 'Сатира о путешествии поездом из Москвы в Петушки.',NULL,NULL,_binary ''),(16,_binary 'Один день Ивана Денисовича',_binary 'Солженицын А.И.',1,_binary 'Роман о жизни заключенного в сталинских лагерях.',NULL,NULL,_binary ''),(17,_binary 'Жизнь и судьба',_binary 'Гроссман В.С.',1,_binary 'Эпическое произведение о Великой Отечественной войне.',NULL,NULL,_binary ''),(18,_binary 'Тихий Дон',_binary 'Шолохов М.А.',4,_binary 'Роман о жизни донского казачества в годы войны и революции.',NULL,NULL,_binary ''),(19,_binary 'Униженные и оскорбленные',_binary 'Достоевский Ф.М.',1,_binary 'Роман о страданиях обездоленных людей.',NULL,NULL,_binary ''),(20,_binary 'Белая гвардия',_binary 'Булгаков М.А.',4,_binary 'Роман о Гражданской войне в Киеве.',NULL,NULL,_binary ''),(21,_binary 'Собачье сердце',_binary 'Булгаков М.А.',3,_binary 'Сатира о научном эксперименте по превращению собаки в человека.',NULL,NULL,_binary ''),(22,_binary 'Маленький принц',_binary 'Сент-Экзюпери А.',2,_binary 'Философская сказка о дружбе и любви.',NULL,_binary '22.jpg',_binary ''),(23,_binary 'Гамлет',_binary 'Шекспир У.',4,_binary 'Трагедия о принце Датском и его мести за отца.',NULL,NULL,_binary ''),(24,_binary 'Ромео и Джульетта',_binary 'Шекспир У.',4,_binary 'Трагическая история любви двух молодых людей.',NULL,NULL,_binary ''),(25,_binary 'Макбет',_binary 'Шекспир У.',4,_binary 'Трагедия о власти и честолюбии.',NULL,NULL,_binary ''),(26,_binary 'Оливер Твист',_binary 'Диккенс Ч.',4,_binary 'Роман о жизни сироты в викторианской Англии.',NULL,NULL,_binary ''),(27,_binary 'Дэвид Копперфилд',_binary 'Диккенс Ч.',4,_binary 'Автобиографический роман о жизни юного героя.',NULL,NULL,_binary ''),(28,_binary 'Мадам Бовари',_binary 'Флобер Г.',2,_binary 'Роман о трагической судьбе провинциальной женщины.',NULL,NULL,_binary ''),(29,_binary 'Граф Монте-Кристо',_binary 'Дюма А.',4,_binary 'Роман о мести и справедливости.',NULL,NULL,_binary ''),(30,_binary 'Три мушкетера',_binary 'Дюма А.',4,_binary 'Приключенческий роман о верности и дружбе.',NULL,NULL,_binary ''),(31,_binary 'Прощай, оружие!',_binary 'Хемингуэй Э.',1,_binary 'Роман о любви на фоне Первой мировой войны.',NULL,NULL,_binary ''),(32,_binary 'По ком звонит колокол',_binary 'Хемингуэй Э.',1,_binary 'Роман о гражданской войне в Испании.',NULL,NULL,_binary ''),(33,_binary 'Старик и море',_binary 'Хемингуэй Э.',4,_binary 'Рассказ о борьбе старика с гигантской рыбой.',NULL,NULL,_binary ''),(34,_binary 'Гроздья гнева',_binary 'Стейнбек Дж.',1,_binary 'Роман о семье, бегущей от пыльной бури в Калифорнию.',NULL,NULL,_binary ''),(35,_binary 'К востоку от Эдема',_binary 'Стейнбек Дж.',4,_binary 'Эпический роман о человеческих страстях.',NULL,NULL,_binary ''),(36,_binary 'Убить пересмешника',_binary 'Ли Х.',2,_binary 'Роман о расизме и несправедливости в южных штатах США.',NULL,NULL,_binary ''),(37,_binary 'Над пропастью во ржи',_binary 'Сэлинджер Д.Д.',2,_binary 'Роман о подростковом кризисе и одиночестве.',NULL,_binary '37.jpg',_binary ''),(38,_binary '1984',_binary 'Оруэлл Дж.',6,_binary '«1984» — роман-антиутопия Джорджа Оруэлла, изданный в 1949 году. Произведение посвящено последствиям тоталитаризма, массового наблюдения и промывания мозгов людей в тоталитарном обществе. \n\nСюжет разворачивается в будущем, в 1984 году, в вымышленном государстве Океания, в Лондоне. Планета пережила ряд жесточайших войн и потрясений и была поделена на три мощных супердержавы, постоянно воюющих между собой. Целью этих войн был тотальный контроль над населением и отвлечение его от неразрешённых внутренних конфликтов.\n\nВ книге описывается общество, подавленное диктатурой Большого Брата, который ради сохранения абсолютной власти контролирует каждого жителя страны. Таким обществом легко управлять за счёт истребления лучших человеческих качеств.',5,_binary '38.jpg',_binary ''),(39,_binary 'Скотный двор',_binary 'Оруэлл Дж.',3,_binary 'Сатира о революции и власти.',NULL,NULL,_binary ''),(40,_binary 'Великий Гэтсби',_binary 'Фицджеральд Ф.С.',2,_binary 'Роман о богатстве, любви и разочаровании.',NULL,NULL,_binary ''),(41,_binary 'Портрет Дориана Грея',_binary 'Уайльд О.',2,_binary 'Роман о порче души и красоте.',4,NULL,_binary ''),(42,_binary 'Дракула',_binary 'Стокер Б.',5,_binary 'Готический роман ужасов ирландского писателя Брэма Стокера, впервые опубликованный в 1897 году. \nВ начале романа британский юрист Джонатан Харкер посещает Трансильванию — область в современной Румынии — для переговоров с Дракулой, желающим купить дом в Англии. Дракула оказывается вампиром, восставшим из мёртвых, и Харкеру чудом удаётся бежать. Позже граф Дракула является и в Англию, где наводит ужас на приморский городок Уитби. Группе героев, которую возглавляет профессор Абрахам Ван Хельсинг, удаётся бросить вызов вампиру и его слугам. Они преследуют Дракулу, который возвращается в свой замок в Трансильвании, и окончательно уничтожают вампира.',NULL,NULL,_binary ''),(43,_binary 'Франкенштейн',_binary 'Шелли М.',5,_binary '«Франкенштейн, или Современный Прометей» — эпистолярный готический роман английской писательницы Мэри Шелли, впервые опубликованный анонимно в 1818 году. Учёный Виктор Франкенштейн постиг тайну зарождения жизни и научился оживлять безжизненную материю. Он мечтал победить смерть и создал монстра из частей трупов. Однако стремление к славе и признанию привело к ужасающе трагическим последствиям. ',4,_binary '43.jpg',_binary ''),(44,_binary 'Приключения Шерлока Холмса',_binary 'Дойл А.К.',1,_binary '«Приключения Шерлока Холмса» — сборник из двенадцати детективных рассказов Артура Конана Дойла. Основная идея сборника — демонстрация гениальности и дедуктивных способностей главного героя, Шерлока Холмса. Он раскрывает сложнейшие преступления, используя логику, внимательность к деталям и уникальное умение делать выводы из малозначительных на первый взгляд фактов. ',5,_binary '44.jpg',_binary ''),(45,_binary 'Таинственный остров',_binary 'Верн Ж.',6,_binary 'Приключенческий роман о выживании на острове.',NULL,NULL,_binary ''),(46,_binary 'Двадцать тысяч лье под водой',_binary 'Верн Ж.',6,_binary 'Научно-фантастический роман о путешествии подводной лодки.',NULL,NULL,_binary ''),(47,_binary 'Вокруг света за восемьдесят дней',_binary 'Верн Ж.',6,_binary 'Приключенческий роман о кругосветном путешествии.',NULL,NULL,_binary ''),(48,_binary 'Маленькие женщины',_binary 'Олкотт Л.М.',2,_binary 'Роман о жизни четырех сестер в годы Гражданской войны.',NULL,NULL,_binary ''),(49,_binary 'Грозовой перевал',_binary 'Бронте Э.',2,_binary 'Роман о любви и мести.',NULL,NULL,_binary ''),(50,_binary 'Джейн Эйр',_binary 'Бронте Ш.',2,_binary 'Роман о любви и независимости.',NULL,NULL,_binary ''),(51,_binary 'Гордость и предубеждение',_binary 'Остин Дж.',2,_binary 'Роман о любви и браке в английском обществе XIX века.',NULL,NULL,_binary ''),(52,_binary 'Сто лет одиночества',_binary 'Маркес Г.Г.',4,_binary 'Магический реализм о жизни семьи Буэндиа.',NULL,NULL,_binary ''),(53,_binary 'Сто лет войны',_binary 'Ремарк Э.М.',1,_binary 'Роман о Первой мировой войне.',NULL,NULL,_binary ''),(54,_binary 'Три товарища',_binary 'Ремарк Э.М.',2,_binary 'Роман о дружбе и любви в Германии.',NULL,NULL,_binary ''),(55,_binary 'Повелитель мух',_binary 'Голдинг У.',5,_binary 'Аллегория о человеческой природе.',NULL,NULL,_binary ''),(56,_binary 'Атлант расправил плечи',_binary 'Рэнд А.',2,_binary 'Философский роман о капитализме и индивидуализме.',NULL,NULL,_binary ''),(57,_binary 'Источник',_binary 'Рэнд А.',2,_binary 'Роман о борьбе за творческую свободу.',NULL,NULL,_binary ''),(58,_binary 'Стоик',_binary 'Уоррен Р.',4,_binary 'Роман о жизни финансового магната.',NULL,NULL,_binary ''),(59,_binary 'Царь горы',_binary 'Уоррен Р.',4,_binary 'Роман о власти и успехе.',NULL,NULL,_binary ''),(60,_binary 'Путь королей',_binary 'Сандерсон Б.',6,_binary '«Путь королей» Брендона Сандерсона — первая книга цикла «Архив Буресвета». Рошар — мир во власти великих бурь, сметающих всё живое на своём пути. Но есть и то, что страшнее любой великой бури, — это истинное опустошение. Одно лишь его ожидание меняет судьбы целых народов. Люди отчаянно верят клятве «жизнь прежде смерти, сила прежде слабости, путь прежде цели», но может ли одна молитва помочь всему миру?',NULL,_binary '60.jpg',_binary ''),(61,_binary 'Имя ветра',_binary 'Ротфусс П.',6,_binary 'Фэнтези-роман о молодом музыканте и маге.',NULL,NULL,_binary ''),(62,_binary 'Хоббит',_binary 'Толкин Дж.Р.Р.',6,_binary 'Приключенческая повесть о хоббите Бильбо.',NULL,NULL,_binary ''),(63,_binary 'Властелин колец: Братство кольца',_binary 'Толкин Дж.Р.Р.',6,_binary '«Братство Кольца» — первая часть эпической трилогии «Властелин Колец» Джона Рональда Руэла Толкина. Роман опубликован в 1954 году.Фродо Бэггинс, племянник хоббита Бильбо, узнаёт, что унаследовал от дяди Кольцо, созданное Тёмным Властелином Сауроном для подчинения всех народов Средиземья. Волшебник Гэндальф Серый предупреждает Фродо о смертельной опасности, связанной с Кольцом, и предлагает ему отправиться в Ривенделл, чтобы решить судьбу артефакта.',4,_binary '63.jpg',_binary ''),(64,_binary 'Властелин колец: Две крепости',_binary 'Толкин Дж.Р.Р.',6,_binary '«Две крепости» — вторая часть эпической трилогии «Властелин Колец» Джона Рональда Руэла Толкина. Роман продолжает историю, начатую в «Братстве Кольца», углубляет сюжет и приводит героев к ещё более опасным испытаниям. Повествование начинается с момента распада Братства Кольца. Роман разделён на две основные сюжетные линии, которые пересекаются и дополняют друг друга:1. Приключения Фродо Бэггинса и Сэма Гэмджи. Герои продолжают своё опасное путешествие к Мордору. Они встречают Голлума, прежнего владельца Кольца, который становится их проводником.2. Приключения Арагорна, Леголаса и Гимли. Герои пытаются спасти захваченных орками Мерри и Пиппина. Их путешествие приводит их в Рохан, где они встречают Короля Теодена и его племянника Эомера. Эта линия наполнена эпическими битвами, политическими интригами и встречами с новыми союзниками.',NULL,_binary '64.png',_binary ''),(65,_binary 'Властелин колец: Возвращение короля',_binary 'Толкин Дж.Р.Р.',6,_binary '«Возвращение короля» — третья и последняя книга эпической трилогии «Властелин Колец» Джона Рональда Руэла Толкина. Опубликована в 1955 году. 1. Линия Фродо Бэггинса и Сэма Гэмджи. Герои продолжают опасное путешествие в сердце Мордора, к Роковой Горе, чтобы уничтожить Кольцо Всевластья. Они преодолевают испытания, сражаются с внутренними и внешними врагами. 2. Линия Арагорна, Леголаса, Гимли, Гэндальфа и остальных членов Братства. Они собирают армии и сражаются против сил Саурона. Арагорн, наследник трона Гондора, ведёт своих людей в последнюю битву за Минас Тирит.',NULL,_binary '65.png',_binary ''),(66,_binary 'Гарри Поттер и философский камень',_binary 'Роулинг Дж.К.',6,_binary '«Гарри Поттер и философский камень» — первый роман в серии книг про юного волшебника Гарри Поттера, написанный Дж. К. Роулинг. Сюжет: Гарри Поттер живёт с жестокими родственниками — семьёй Дурслей. Однажды он узнаёт, что на самом деле является волшебником, и отправляется учиться в школу магии Хогвартс. Там он встречает верных друзей — Гермиону Грейнджер и Рона Уизли, а также узнаёт о своём особом предназначении. Вместе с новыми друзьями Гарри сталкивается с тайнами Хогвартса, а также угрозой со стороны Тёмного Лорда Волан-де-Морта, который когда-то пытался убить его.',NULL,_binary '66.jpg',_binary ''),(67,_binary 'Гарри Поттер и тайная комната',_binary 'Роулинг Дж.К.',6,_binary '«Гарри Поттер и Тайная комната» — второй роман в серии книг про юного волшебника Гарри Поттера, написанный Джоан Роулинг. Книга рассказывает о втором учебном годе в школе чародейства и волшебства Хогвартс. Гарри и его друзья — Рон Уизли и Гермиона Грейнджер — расследуют таинственные нападения на учеников школы, совершаемые неким «Наследником Слизерина». Объектами нападений являются маглорождённые ученики. Главному герою предстоит доказать свою непричастность к загадочным событиям и вступить в битву с могущественной тёмной силой.',NULL,_binary '67.jpg',_binary ''),(68,_binary 'Гарри Поттер и узник Азкабана',_binary 'Роулинг Дж.К.',6,_binary '«Гарри Поттер и узник Азкабана» — третья книга из серии романов о Гарри Поттере, написанная британской писательницей Джоан Роулинг. Опубликованная в 1999 году, она считается одной из самых захватывающих и мрачных в серии. Сюжет книги начинается с того, что Гарри Поттер, теперь уже тринадцатилетний подросток, возвращается в Хогвартс на третий год обучения. Однако его возвращение омрачено новостью о том, что опасный преступник Сириус Блэк сбежал из тюрьмы Азкабан. Поговаривают, что он охотится на Гарри, чтобы отомстить за поражение Волан-де-Морта',NULL,_binary '68.jpg',_binary ''),(69,_binary 'Гарри Поттер и кубок огня',_binary 'Роулинг Дж.К.',6,_binary '«Гарри Поттер и Кубок Огня» — четвёртая книга в серии о Гарри Поттере, написанная британской писательницей Джоан Роулинг.Гарри Поттер против своей воли вовлекается в участие в Турнире Трёх Волшебников. Ему предстоит не только сразиться с более опытными участниками, но и разгадать загадку того, как он вообще попал на турнир вопреки правилам.',NULL,_binary '69.jpg',_binary ''),(70,_binary 'Гарри Поттер и орден феникса',_binary 'Роулинг Дж.К.',6,_binary '«Гарри Поттер и Орден Феникса» — фэнтезийно-драматический роман британской писательницы Дж. К. Роулинг и пятая часть в серии книг о Гарри Поттере. В книге рассказывается о пятом курсе обучения Гарри в школе чародейства и волшебства Хогвартс и его борьбе со злым волшебником Волдемортом. Гарри сталкивается с новыми вызовами и препятствиями, включая сильное противодействие со стороны министерства магии и его нового учителя защиты от тёмных искусств, который отказывается верить возвращению тёмного волшебника Волан-де-Морта',5,_binary '70.jpg',_binary ''),(71,_binary 'Гарри Поттер и принц-полукровка',_binary 'Роулинг Дж.К.',6,_binary '«Гарри Поттер и Принц-полукровка» — шестая книга из серии романов Дж. К. Роулинг о волшебнике-подростке Гарри Поттере.В книге описывается шестой год обучения героев в Хогвартсе. Роман становится совсем не детским, потому что главные герои стали взрослыми и вместе с ними выросли их проблемы. У них появляются первые чувства, первая любовь, дружба становится всё крепче, а приключения становятся всё более опасными.',NULL,_binary '71.png',_binary ''),(72,_binary 'Гарри Поттер и дары смерти',_binary 'Роулинг Дж.К.',6,_binary '«Гарри Поттер и Дары Смерти» — заключительная часть серии книг о Гарри Поттере, автор — Джоан Кэтлин Роулинг.Гарри предстоит самое опасное испытание в жизни — встретиться лицом к лицу с Волан-де-Мортом в финальной битве, из которой только один может выйти победителем. Тёмный маг не остановится ни перед чем: он готов убить всех друзей и защитников Гарри и разрушить Хогвартс, лишь бы добраться до мальчика. Единственная надежда Гарри — найти и уничтожить оставшиеся Крестражи и спасти магический мир',NULL,_binary '72.jpg',_binary ''),(73,_binary 'Хроники Нарнии: Лев, колдунья и платяной шкаф',_binary 'Льюис К.С.',6,_binary 'Фэнтези-роман о волшебном мире.',NULL,NULL,_binary ''),(74,_binary 'Хроники Нарнии: Принц Каспиан',_binary 'Льюис К.С.',6,_binary 'Продолжение историй о Нарнии.',NULL,NULL,_binary ''),(75,_binary 'Хроники Нарнии: Серебряное кресло',_binary 'Льюис К.С.',6,_binary 'Приключения в волшебном мире.',NULL,NULL,_binary ''),(76,_binary 'Хроники Нарнии: Племянник чародея',_binary 'Льюис К.С.',6,_binary 'История о происхождении Нарнии.',NULL,NULL,_binary ''),(77,_binary 'Хроники Нарнии: Последняя битва',_binary 'Льюис К.С.',6,_binary 'Финал саги о Нарнии.',NULL,NULL,_binary ''),(78,_binary 'Дюна',_binary 'Герберт Ф.',6,_binary 'Научно-фантастический роман о планете Арракис.',NULL,NULL,_binary ''),(79,_binary 'Основание',_binary 'Азимов А.',6,_binary 'Научно-фантастический роман о будущем человечества.',NULL,NULL,_binary ''),(80,_binary 'Стальная крыса',_binary 'Гаррисон Г.',6,_binary 'Научно-фантастический роман о герое-мошеннике.',NULL,NULL,_binary ''),(81,_binary '451 градус по Фаренгейту',_binary 'Брэдбери Р.',6,_binary '«451 градус по Фаренгейту» — научно-фантастический роман-антиутопия Рэя Брэдбери, изданный в 1953 году. \n\nРоман описывает американское общество близкого будущего, в котором книги находятся под запретом. « Пожарные», к числу которых принадлежит и главный герой Гай Монтэг, сжигают любые найденные книги. \n\nВ ходе романа Монтэг разочаровывается в идеалах общества, частью которого он является, становится изгоем и присоединяется к небольшой подпольной группе маргиналов, сторонники которой заучивают тексты книг, чтобы спасти их для потомков. \n\nОсновная мысль произведения — светлое будущее человечества невозможно без опыта прошлых поколений, заключённого в важнейших источниках знаний и жизненного опыта — книгах. Выбирая между ними и развлекательными шоу в пользу последних, люди обрекают себя на неизбежную деградацию. \n\nВ романе автор поднимает проблемы манипулирования обществом посредством СМИ, чрезмерной увлечённости техническим прогрессом, замены моральных ценностей потребительскими.',5,_binary '81.jpg',_binary ''),(82,_binary 'Марсианские хроники',_binary 'Брэдбери Р.',6,_binary 'Научно-фантастические рассказы о колонизации Марса.',NULL,NULL,_binary ''),(83,_binary 'Чужой среди своих',_binary 'Вандермеер Д.',6,_binary 'Научно-фантастический роман о загадочной башне.',NULL,NULL,_binary ''),(84,_binary 'Зов Ктулху',_binary 'Лавкрафт Г.',5,_binary 'Ужасы о древних богах.',NULL,NULL,_binary ''),(85,_binary 'Ангелы и демоны',_binary 'Браун Д.',6,_binary 'Детективный роман о заговоре иллюминатов.',NULL,NULL,_binary ''),(86,_binary 'Код да Винчи',_binary 'Браун Д.',6,_binary 'Детективный роман о тайнах Леонардо да Винчи.',NULL,NULL,_binary ''),(87,_binary 'Инферно',_binary 'Браун Д.',6,_binary 'Детективный роман о Данте и современном мире.',NULL,NULL,_binary ''),(88,_binary 'Исходный код',_binary 'Крауч Б.',6,_binary 'Научно-фантастический детектив о параллельных мирах.',NULL,NULL,_binary ''),(89,_binary 'Алиса в Стране чудес',_binary 'Кэрролл Л.',6,_binary 'Сказка о приключениях девочки в волшебной стране.',5,_binary '89.jpg',_binary ''),(90,_binary 'Алиса в Зазеркалье',_binary 'Кэрролл Л.',6,_binary '«Алиса в Зазеркалье» — детская книга английского математика и писателя Льюиса Кэрролла, написанная в 1871 году как продолжение книги «Приключения Алисы в Стране чудес».  Сказка о путешествиях девочки Алисы в волшебную страну Зазеркалье, где всё было наоборот: поступки, слова, мысли. Алиса, последовав за своим шаловливым чёрным котёнком Китти, оказалась в этом мире.',NULL,_binary '90.jpg',_binary ''),(91,_binary 'Снежная королева',_binary 'Андерсен Х.К.',6,_binary 'Сказка о любви и дружбе.',NULL,NULL,_binary ''),(92,_binary 'Щелкунчик и Мышиный король',_binary 'Гофман Э.Т.А.',6,_binary '«Щелкунчик и Мышиный король» — рождественская повесть-сказка Эрнста Теодора Амадея Гофмана. В сочельник дети советника медицины Штальбаума — Фриц и Мари — получают от родителей множество подарков: кукол, игрушечных гусар, деревянного коня, крошечную посуду, книжки с картинками. Крёстный Дроссельмейер преподносит им миниатюрный замок с золотыми башнями, по залам которого передвигаются дамы и кавалеры. Чуть позже дети знакомятся с ещё одной игрушкой — маленьким уродливым человечком по имени Щелкунчик, умеющим разгрызать твёрдые орехи.',4,_binary '92.jpg',_binary ''),(94,_binary 'Мы',_binary 'Замятин Е.И.',6,_binary '«Мы» — роман-антиутопия Евгения Замятина, написанный в 1920–1921 годах. Тематика произведения — жизнь людей в условиях тоталитарного общества.Действие разворачивается через тысячу лет после разрушительной двухсотлетней Последней Революции, погубившей почти всё человечество. Выжившие люди построили огромный город — Единое Государство. После хаоса войны стабильность у людей превратилась в высшую ценность.',NULL,_binary '94.jpg',_binary ''),(95,_binary 'Кафка на пляже',_binary 'Х. Мураками',6,_binary '«Кафка на пляже» — девятый роман японского писателя Харуки Мураками, издан в 2002 году. Включён в список 10 лучших романов 2005 года The New York Times и награждён Всемирной премией фэнтези.Сюжет: в центре произведения — две судьбы, подростка Кафки Тамура, убежавшего из дома от мрачного пророчества своего отца, и старика Накаты. На судьбы героев, жителей Японии второй половины XX века, влияют пророчества, посланцы потустороннего мира и кошки.',NULL,_binary '95.jpg',_binary ''),(96,_binary 'Демиан',_binary 'Г. Гессе',2,_binary '«Демиан» Германа Гессе — философский, мрачный и мистический роман, который повествует о взрослении и становлении личности главного героя, Эмиля Синклера.Сюжет: юноша уже в детстве начал задумываться о жизни, её нормах и морали. Он рассуждает о «светлом» и «тёмном» мире. « Светлый мир» он ассоциирует с приятными вещами в его жизни: родителями, праздниками, религиозностью, лаской, домом. А «тёмный мир» — с преступностью, жестокостью, злом, уличной жизнью, служанками и ссорами. Его манит «тёмный мир», он считает его привлекательным. Но после ряда событий он не чувствует связи со «светлым миром», мучаясь от этого. ',5,_binary '96.jpg',_binary ''),(98,_binary 'Как начать разбираться в искусстве. Язык художника',_binary 'Марков А. В.',14,_binary '«Как начать разбираться в искусстве. Язык художника» — книга Александра Викторовича Маркова, изданная в 2019 году издательством «АСТ» в серии «История и наука Рунета. Лекции». Автор — философ, историк культуры, профессор РГГУ и ВлГУ, ведущий научный сотрудник Института мировой культуры МГУ им. М. В. Ломоносова, приглашённый лектор ряда европейских и американских университетов.Главная задача книги — объяснить значение популярных образов в искусстве, их устойчивость, научить читать живопись как текст, как сложное и захватывающее произведение. ',5,_binary '98.jpg',_binary ''),(111,_binary 'Коралина',_binary 'Н. Гейман',6,_binary 'Коралина вместе с папой и мамой переезжает в старый дом, где всего несколько квартир. В один из дождливых дней, когда Коралине запрещают гулять в саду, она находит запертую дверь в одной из комнат. Мама отпирает для неё дверь, но за ней оказывается только кирпичная стена. ',NULL,_binary '111.jpg',_binary ''),(112,_binary '1Q84',_binary 'Мураками Х.',2,_binary 'Это произведение о поиске психологической опоры в мире размытых ориентиров. Книга знакомит читателя с двумя героями: женщиной-инструктором фитнес-клуба Аомамэ и учителем математики Тэнго. Повествование ведётся от третьего лица.Структура романа состоит из двух отдельных, взаимно переплетающихся историй, которые развиваются в двух параллельных реальностях: Токио 1984 года — и Токио «непонятно какого (1Q84)» года. Букву «Q» (англ. Question) вставляет в дату сама героиня, Аомамэ, когда понимает, что её занесло «куда-то не туда»',NULL,_binary '112.jpg',_binary ''),(113,_binary 'Габсбурги. Власть над миром',_binary 'Рейди Мартин',15,_binary '«Габсбурги. Власть над миром» — книга Мартина Рейди, профессора центральноевропейской истории Школы славянских и восточноевропейских исследований Университетского колледжа Лондона.В книге рассказывается об истории династии Габсбургов, которая на протяжении почти тысячи лет господствовала в Европе. Автор описывает, как скромные швабские феодалы в XV веке поставили под контроль Священную Римскую империю, а затем за несколько десятилетий добились владычества над огромной частью земного шара — от Венгрии, Нидерландов и Испании до Перу и Мексики. ',NULL,_binary '113.jpg',_binary ''),(114,_binary 'Стихотворения',_binary 'А. С. Пушкин',10,_binary 'Александр Сергеевич Пушкин — великий русский поэт, драматург и прозаик, основоположник современной русской литературы. Его творчество стало золотым фондом отечественной словесности и оказало огромное влияние на развитие языка и культуры России.Сборник объединяет полное собрание стихотворений Пушкина, написанных им в разные периоды жизни — от юношеских опытов, созданных ещё в Царскосельском лицее, до последних произведений, пронизанных мудростью и жизненным опытом. Здесь представлены лирические шедевры, философские размышления, любовные признания, сатирические эпиграммы и другое.',NULL,_binary '114.jpg',_binary ''),(115,_binary 'О науке и искусстве',_binary 'Леонардо да Винчи',9,_binary '«О науке и искусстве» — книга, в которой собраны мысли Леонардо да Винчи о науке и искусстве. Автор считал, что и наука, и искусство — пути познания и преображения мира, и старался вникнуть в суть всех окружающих его вещей и явлений.',NULL,_binary '115.jpeg',_binary ''),(116,_binary 'О дивный новый мир',_binary 'О. Хаксли',6,_binary '«О дивный новый мир» — антиутопический сатирический роман английского писателя Олдоса Хаксли, опубликованный в 1932 году',NULL,_binary '116.jpg',_binary ''),(117,_binary 'Заводной апельсин',_binary 'Э. Бёрджесс',6,_binary 'Главный герой — 15-летний Алекс ДеЛардж, лидер уличной банды, который проповедует насилие как высокое искусство. Вместе с друзьями он грабит и избивает людей, получает от этого удовольствие. Однажды Алекса арестовывают, и он попадает в тюрьму. Там ему предлагают пройти эксперимент: «лечение», которое делает его неспособным не только на насилие, но и на половой акт. Даже музыка Бетховена причиняет ему боль. После освобождения Алекс сталкивается с местью всех, кого он ранее обидел. Он понимает, что переделать молодёжь невозможно — она всегда будет бунтовать и идти против норм.',NULL,_binary '117.jpg',_binary '');
/*!40000 ALTER TABLE `book` ENABLE KEYS */;
UNLOCK TABLES;
DROP TABLE IF EXISTS `genre`;
/*!40101 SET @saved_cs_client     = @@character_set_client */;
/*!40101 SET character_set_client = utf8 */;
CREATE TABLE `genre` (
  `GenreId` int(11) NOT NULL AUTO_INCREMENT,
  `GenreName` varchar(200) NOT NULL,
  `GenreImage` varchar(600) DEFAULT NULL,
  PRIMARY KEY (`GenreId`)
) ENGINE=InnoDB AUTO_INCREMENT=16 DEFAULT CHARSET=utf8mb4;
/*!40101 SET character_set_client = @saved_cs_client */;

LOCK TABLES `genre` WRITE;
/*!40000 ALTER TABLE `genre` DISABLE KEYS */;
INSERT INTO `genre` VALUES (1,_binary 'Детектив',_binary '1.png'),(2,_binary 'Роман',_binary '2.png'),(3,_binary 'Ужасы',_binary '3.png'),(4,_binary 'Классика',_binary '4.png'),(5,_binary 'Приключения',_binary '5.png'),(6,_binary 'Фэнтези',_binary '6.png'),(9,_binary 'Научная литература',_binary '9.png'),(10,_binary 'Поэзия',_binary '10.png'),(14,_binary 'Искусство',_binary '14.png'),(15,_binary 'История',_binary '15.png');
/*!40000 ALTER TABLE `genre` ENABLE KEYS */;
UNLOCK TABLES;
DROP TABLE IF EXISTS `quotes`;
/*!40101 SET @saved_cs_client     = @@character_set_client */;
/*!40101 SET character_set_client = utf8 */;
CREATE TABLE `quotes` (
  `QuotesId` int(11) NOT NULL AUTO_INCREMENT,
  `ReadBook` int(11) NOT NULL,
  `Quote` varchar(1000) NOT NULL,
  `Page` int(11) NOT NULL,
  PRIMARY KEY (`QuotesId`),
  KEY `ReadId` (`ReadBook`),
  CONSTRAINT `quotes_ibfk_1` FOREIGN KEY (`ReadBook`) REFERENCES `readbook` (`ReadId`)
) ENGINE=InnoDB AUTO_INCREMENT=10 DEFAULT CHARSET=utf8mb4;
/*!40101 SET character_set_client = @saved_cs_client */;

LOCK TABLES `quotes` WRITE;
/*!40000 ALTER TABLE `quotes` DISABLE KEYS */;
INSERT INTO `quotes` VALUES (6,40,_binary 'Лучшие книги, понял он, говорят тебе то, что ты уже и сам знаешь',123),(7,40,_binary 'Кто управляет прошлым, тот управляет будущим; кто управляет настоящим, тот управляет прошлым',201),(8,40,_binary 'Массы никогда не восстают сами по себе и никогда из-за того, что их угнетают. Более того, они даже не знают, что угнетены, пока им не дадут возможность сравнивать',300),(9,44,_binary 'Я не хотел больше быть судьёю над собой. Я хотел стать им самим — судьёю и обвиняемым в одном лице. Я хотел жить реальной жизнью. Это было началом понимания себя как человека, цель которого — сам путь, а не какой-то воображаемый пункт назначения вдалеке',67);
/*!40000 ALTER TABLE `quotes` ENABLE KEYS */;
UNLOCK TABLES;
DROP TABLE IF EXISTS `readbook`;
/*!40101 SET @saved_cs_client     = @@character_set_client */;
/*!40101 SET character_set_client = utf8 */;
CREATE TABLE `readbook` (
  `ReadId` int(11) NOT NULL AUTO_INCREMENT,
  `Book` int(11) NOT NULL,
  `User` int(11) NOT NULL,
  `Mark` int(1) NOT NULL,
  `Comment` varchar(6000) NOT NULL,
  PRIMARY KEY (`ReadId`),
  KEY `BookId` (`Book`),
  KEY `UserId` (`User`),
  CONSTRAINT `readbook_ibfk_1` FOREIGN KEY (`User`) REFERENCES `user` (`UserId`),
  CONSTRAINT `readbook_ibfk_2` FOREIGN KEY (`Book`) REFERENCES `book` (`BookId`)
) ENGINE=InnoDB AUTO_INCREMENT=79 DEFAULT CHARSET=utf8mb4;
/*!40101 SET character_set_client = @saved_cs_client */;

LOCK TABLES `readbook` WRITE;
/*!40000 ALTER TABLE `readbook` DISABLE KEYS */;
INSERT INTO `readbook` VALUES (39,81,2,5,_binary 'Книга \"451 градус по Фаренгейту\" Рэя Брэдбери — это шедевр, который заставляет задуматься о том, как легко человечество может отказаться от своих ценностей ради комфорта и иллюзорной безопасности. Это произведение, которое невозможно читать равнодушно: каждая страница пронизана тревогой, болью и надеждой. Я поставила этой книге 5 звёзд из 5, потому что она не только затронула мои чувства, но и изменила мой взгляд на мир.'),(40,38,2,5,_binary 'Это произведение, которое невозможно забыть. Это не просто роман, а мощное предупреждение человечеству, исследование природы тоталитаризма и размышление о ценности свободы и правды. С первых страниц я погрузилась в мир, полный мрака, страха и безысходности, но именно эта атмосфера заставила меня прочувствовать всю глубину замысла автора. Оруэлл мастерски создаёт атмосферу постоянного страха и паранойи. Каждая деталь этого мира — от всевидящих плакатов \"Большой Брат наблюдает за тобой\" до новояза, языка, который намеренно обедняется для ограничения мышления, — говорит о гениальной проработке автором темы контроля над сознанием. Мне особенно понравилось, как Оруэлл раскрывает внутренние переживания Уинстона. Его борьба с системой, его стремление сохранить человечность в условиях тотального давления, его любовь к Джулии — всё это вызывает глубокое сочувствие и восхищение. Автор показывает, что даже в самом тёмном месте может гореть маленький огонёк надежды, но система способна погасить его.'),(41,4,2,5,_binary '\"Преступление и наказание\" — это шедевр, который переворачивает душу. История Родиона Раскольникова захватывает с первых страниц: его внутренняя борьба, моральный выбор и последующие страдания раскрывают сложность человеческой психологии. Достоевский мастерски исследует темы вины, искупления и смысла жизни. Каждый персонаж — от благородной Сони до циничного Порфирия Петровича — оживает на страницах романа. Диалоги наполнены глубоким философским подтекстом, а атмосфера Санкт-Петербурга усиливает душевное напряжение. Книга заставляет задуматься о границах добра и зла, о том, как наши поступки формируют нас самих. Это произведение — не просто роман, а мощное размышление о человеческой природе. Оно трогает до глубины души и остаётся с тобой надолго. Обязательно к прочтению!'),(42,5,2,3,_binary 'К сожалению, \"Горе от ума\" оставила у меня скорее негативное впечатление. Несмотря на то, что это классика и произведение имеет историческую ценность, мне было сложно проникнуться сюжетом и героями. Главная проблема, на мой взгляд, — это излишняя пафосность и нравоучительный тон. Чацкий, главный герой, показан как воплощение ума и прогрессивных идей, но его бесконечные монологи и критика окружающих кажутся слишком напыщенными и утомительными. Вместо того чтобы вызывать симпатию, он воспринимается как зануда, который всех поучает. Другие персонажи, напротив, выглядят карикатурно: Фамусов — жадный карьерист, Софья — легкомысленная девица, Молчалин — подхалим. Все они скорее штампы, чем живые люди. Язык пьесы, несмотря на обилие афоризмов, тоже не стал для меня преимуществом. Диалоги местами слишком затянуты и перегружены старославянизмами, что делает чтение трудным. Да, многие фразы стали крылатыми, но это не спасает общего впечатления.'),(43,44,2,5,_binary '«Приключения Шерлока Холмса» — эталон детективной литературы! Артур Конан Дойл создал неповторимый мир логики, загадок и острого ума, где каждый рассказ — это мини-шедевр. Холмс с его «элементарными, Ватсон» методами и Ватсон как верный друг и повествователь образуют идеальный дуэт. Каждая история захватывает: от таинственных преступлений до неожиданных развязок, где всё продумано до мелочей. Язык живой, диалоги блестящие, а атмосфера Викторианской Англии добавляет шарма. Эти приключения учат мыслить аналитически, держат в напряжении до последней страницы и доказывают, что классика — вне времени. Обязательно к прочтению!'),(44,96,2,5,_binary '«Демиан» — философский шедевр, который будоражит разум и трогает душу! Герман Гессе мастерски раскрывает путь юного Эмстера к самопознанию: борьба со светом и тьмой, поиск своего «Я», таинственный наставник Демиан и символы, сквозь которые раскрывается суть человеческой свободы. Книга пронизана мудростью, глубоким психологизмом и верой в уникальность каждой личности. Стиль — лаконичный, но насыщенный аллюзиями на мифологию, психоанализ и религию. Читается как притча, заставляющая переосмыслить свои ценности. Некоторые отсылки требуют знания контекста, но это лишь добавляет глубины.'),(45,92,2,4,_binary '«Щелкунчик и Мышиный король» — классическая сказка с атмосферой волшебства и новогоднего волшебства, но не без изъянов. Гофман создал яркий мир кукол, балов и таинственных механизмов, где детские фантазии оживают. История Мари (в оригинале — Марии) и её связь с Щелкунчиком полна трогательности, а битва с Мышиным королём — яркий момент. Однако сюжет местами запутан, перегружен второстепенными персонажами и длинными описаниями. Стиль повествования XIX века может показаться тяжёлым для современного читателя, а некоторые сцены — слишком мрачными для детской сказки. Если вы знакомы с балетом Чайковского, оригинал покажется неожиданно сложным и даже странноватым. Книга ценна исторически, но как чтение для удовольствия — требует терпения.'),(46,8,2,4,_binary '«Идиот» — мощный роман, в котором Достоевский исследует столкновение абсолютного добра с жестоким миром. Князь Мышкин, наивный и честный, становится контрастом к циничному обществу, где каждый персонаж — словно отражение моральных исканий автора. Психологизм, драматизм диалогов и философские размышления о природе зла, любви и веры поражают глубиной. Особенно сильны сцены внутренних кризисов героев и метафоры «светлого идеала» в тьме реальности. Однако сюжет местами хаотичен: второстепенные персонажи и бесконечные монологи затрудняют восприятие, а некоторые поступки героев остаются непрояснёнными. Мышкин, несмотря на харизму, вызывает споры: его наивность то трогает, то кажется нереалистичной.'),(47,7,2,3,_binary '«Мертвые души» — сатирический шедевр Гоголя, раскрывающий лицемерие и алчность чиновников и помещиков XIX века. Автор мастерски рисует ярких персонажей: от мечтательного Манилова до скупого Плюшкина, каждый из которых символизирует пороки общества. Остроумные диалоги, ирония и меткие характеристики заставляют задуматься о вечных проблемах человеческой природы. Однако роман требует терпения: медленный темп, обилие описаний и устаревший язык могут отпугнуть современных читателей. Незавершенность произведения (второй том утерян) и сложные философские отступления также снижают доступность. Книга ценна как литературный памятник, но как развлекательное чтение — не для всех.'),(48,98,2,5,_binary '«Как начать разбираться в искусстве. Язык художника» — идеальный гид для новичков! Александр Марков объясняет сложные темы просто: от техник живописи до символизма в шедеврах. Каждая глава — как мастер-класс: автор учит «читать» картины, раскрывает секреты композиции и эмоционального воздействия искусства. Примеры из истории, анализ известных полотен и практические задания делают обучение увлекательным. Книга устраняет страх перед «непонятным искусством», превращая его в увлекательное путешествие. Подходит даже тем, кто считал себя «далеким от искусства»'),(50,89,3,5,_binary '\"Алиса в Стране чудес\" — это удивительная сказка, которая переносит в мир фантазии, где логика и абсурд идут рука об руку. История Алисы, её приключения и встречи с причудливыми персонажами, такими как Безумный Шляпник и Чеширский Кот, полны остроумия и загадок. Книга очаровывает своей оригинальностью и подтекстом, заставляя задуматься о глубинном смысле событий. Однако порой сюжет кажется слишком хаотичным, а некоторые эпизоды затянутыми. Не все шутки и намёки понятны современному читателю. Несмотря на это, \"Алиса в Стране чудес\" остаётся уникальным произведением, которое вдохновляет на размышления и сохраняет свою магию. Отличный выбор для тех, кто любит необычные истории, но она может быть не для всех'),(51,38,3,5,_binary 'это потрясающий роман, который погружает в мрачный мир тоталитаризма и заставляет задуматься о цене свободы. Оруэлл создал пугающе реалистичное будущее, где каждый шаг контролируется, а правда подменяется ложью. История Уинстона Смита, его борьба с системой и попытки сохранить человечность вызывают глубокое сочувствие. Книга полна философских вопросов: что такое свобода, возможно ли сопротивление абсолютной власти и как важно помнить прошлое. Понятия \"двоемыслия\", \"Большой Брат наблюдает за тобой\" стали символами современности. Атмосфера страха и безысходности держит в напряжении от начала до конца. \"1984\" — это не просто антиутопия, а предостережение человечеству. Она заставляет осознать, как легко потерять право на мысли и слова. Этот роман — настоящий шедевр, который должен прочитать каждый'),(52,3,3,3,_binary '\"Война и мир\" — это, безусловно, масштабное произведение с глубокими идеями и огромным количеством персонажей. Толстой мастерски описывает эпоху наполеоновских войн, затрагивая как исторические события, так и личные драмы героев. Однако чтение далось мне непросто. Книга полна длинных философских отступлений, которые порой кажутся излишними и затягивают повествование. Несмотря на интересные характеры, таких как Андрей Болконский и Пьер Безухов, многие второстепенные персонажи теряются, и следить за их судьбами становится утомительно. Однозначно, это важное произведение в мировой литературе, но его размер и медлительность сюжета могут отпугнуть современного читателя. Рекомендую тем, кто готов потратить время на классику, но не ищет лёгкого чтения. '),(53,4,3,4,_binary '\"Преступление и наказание\" — это мощный психологический роман, который погружает в мир моральных терзаний и внутренних конфликтов. История Родиона Раскольникова, его преступления и попытки оправдать свои действия, заставляет задуматься о природе добра и зла, вины и искупления. Достоевский мастерски раскрывает сложные характеры героев: Соня Мармеладова трогает своей чистотой и самопожертвованием, а Порфирий Петрович вызывает восхищение своей проницательностью. Однако местами повествование кажется слишком тяжелым из-за длинных философских рассуждений, что замедляет динамику сюжета. Несмотря на это, книга оставляет глубокий след в душе и заставляет переосмыслить взгляды на человеческую природу. Это значимое произведение, но требует терпения от читателя. Рекомендую тем, кто готов погрузиться в сложный мир русской классики.'),(54,1,3,4,_binary '\"Евгений Онегин\" — это, безусловно, важное произведение русской литературы, но оно оставило у меня неоднозначное впечатление. С одной стороны, стихи Пушкина прекрасны, полны изящества и глубины, а история любви Онегина и Татьяны затрагивает вечные темы чувств и разочарований. Однако сюжет кажется слишком медленным и фрагментарным, местами больше похожим на набор зарисовок, чем на цельную историю. Многие второстепенные эпизоды и отступления, хоть и красиво написаны, отвлекают от главной линии. Персонажи, особенно сам Онегин, кажутся холодными и трудно сопереживаемыми. Книга, безусловно, заслуживает внимания как классика, но её стиль и темп могут показаться скучными современному читателю. Рекомендую тем, кто ценит поэзию и готов потратить время на неторопливое чтение.'),(55,38,4,5,_binary '«1984» — пророческий шедевр, который будоражит умы уже почти столетие! Оруэлл создал жутковатый мир тотального контроля, где «Большой брат следит за тобой», а правда искажается ради власти. Через судьбу Уинстона Смита автор разоблачает механизмы диктатуры: «новояз», «духовный шлем» и двойное мышление, которые разрушают личность изнутри. Книга гипнотизирует своей жестокой логикой и пугающей актуальностью — многие идеи романа отражаются в современных реалиях. Гениальные метафоры («война — это мир», «свобода — это рабство») заставляют переосмысливать понятия истины и свободы. Прочтение меняет сознание: вы начинаете замечать манипуляции в СМИ, рекламе и политике. Обязательно всем, кто ценит мыслящую литературу и хочет понять, как не допустить тоталитарного кошмара.'),(56,89,4,5,_binary '«Алиса в Стране чудес» — шедевр детской литературы, который завораживает воображение уже несколько поколений! Льюис Кэрролл создал мир, где логика уступает место безумной фантазии: говорящие животные, танцующие грибы и чаепития, которые никогда не заканчиваются. Каждая страница полна остроумия, загадок и скрытых смыслов, которые одинаково увлекают и детей, и взрослых. Персонажи — от хитрого Чеширского Кота до сумасшедшей Королевы — становятся друзьями, чьи причуды заставляют задуматься о мире с новой стороны. Книга сочетает сказочную легкость и глубокую сатиру, пробуждая любовь к чтению и творческому мышлению. Прекрасный стиль перевода сохраняет ритм и игру слов, делая историю живой и доступной. Обязательна к прочтению!'),(57,3,4,3,_binary '«Война и мир» — масштабное произведение с богатыми историческими деталями и философскими размышлениями. Толстой мастерски передаёт дух эпохи, а судьбы Пьера, Андрея и Наташи пронзают своей глубиной. Однако многим читателям может показаться утомительным изобилие военных описаний, бесконечных монологов и медлительного повествования. Второстепенных персонажей так много, что легко запутаться, а некоторые главы ощущаются как лекции по истории. Книга требует терпения, но её сильные стороны — в психологической достоверности и любви к деталям. Рекомендую любителям классики.'),(58,63,5,4,_binary '«Властелин колец: Братство кольца» — великолепное начало эпической саги! Толкин создал богатейший мир Средиземья с детализацией, которая поражает: легенды, языки, расы и законы магии чувствуются живыми. История Фродо, хоббита, взявшего на себя миссию уничтожить Кольцо, полна драматизма, дружбы и мрачных испытаний. Персонажи — от мудрого Гэндальфа до загадочного Арагорна — раскрываются через действия и диалоги, полные мудрости. Однако первая часть кажется лишь прологом: события развиваются медленно, акцент на описаниях природы и древних легендах, а финал оставляет в напряжении. Некоторые диалоги и поэтические вставки утяжеляют чтение. Но атмосфера волшебства и масштаб конфликта «света» и «тьмы» захватывают. Книга для любителей глубокой фэнтези, а не экшена.'),(59,70,5,5,_binary '«Гарри Поттер и Орден Феникса» — самая эмоциональная и зрелая книга серии! Роулинг виртуозно углубляет сюжет: тайная организация, школьные проблемы, борьба с тоталитарным Министерством магии и, конечно, рост самого Гарри как личности и как волшебника. Новые персонажи — от зловещей Долорес Амбридж до храбрых членов Ордена — добавляют драматизма и сложных моральных выборов. Книга учит стойкости, дружбе и вере в справедливость даже в самых тёмных временах. Эпическая битва в Министерстве магии и жертва Сириуса надолго останутся в памяти.'),(60,43,5,4,_binary '«Франкенштейн» — один из первых и самых мощных романов в жанре готической научной фантастики! Мэри Шелли поднимает глубокие вопросы: где грань между наукой и этикой, может ли творец отречься от своего создания, и кто на самом деле монстр — учёный или общество, его породившее? История полна драматизма, трагедии и философских размышлений. Однако стиль повествования — письма внутри рассказа — может показаться устаревшим и сложным для современного читателя. Некоторые диалоги и описания затянуты, а внутренние монологи героя временами повторяются. Но атмосфера мрачного романтизма и вечная тема человеческой гордыни делают роман по-настоящему сильным произведением.'),(72,7,4,4,_binary '«Мёртвые души» Гоголя — это яркая сатира на чиновничью коррупцию и человеческие пороки. Через историю Чичикова автор мастерски раскрывает лицемерие общества, а живой язык и колоритные персонажи делают повесть увлекательной. Однако конец кажется недоговоренным, что немного снижает впечатление. Всё же — сильное произведение с острой социальной критикой.'),(73,41,2,4,_binary '«Портрет Дориана Грея» — это философский и моральный триллер, написанный с изысканной эстетикой. Уайльд мастерски играет с темами красоты, греха и совести. Книга заставляет задуматься о цене вечной молодости и власти искусства над душой. Сильный сюжет и яркие диалоги — достойное чтение!');
/*!40000 ALTER TABLE `readbook` ENABLE KEYS */;
UNLOCK TABLES;
DROP TABLE IF EXISTS `role`;
/*!40101 SET @saved_cs_client     = @@character_set_client */;
/*!40101 SET character_set_client = utf8 */;
CREATE TABLE `role` (
  `RoleId` int(11) NOT NULL AUTO_INCREMENT,
  `RoleName` varchar(100) NOT NULL,
  PRIMARY KEY (`RoleId`)
) ENGINE=InnoDB AUTO_INCREMENT=3 DEFAULT CHARSET=utf8mb4;
/*!40101 SET character_set_client = @saved_cs_client */;

LOCK TABLES `role` WRITE;
/*!40000 ALTER TABLE `role` DISABLE KEYS */;
INSERT INTO `role` VALUES (1,_binary 'Администратор'),(2,_binary 'Читатель');
/*!40000 ALTER TABLE `role` ENABLE KEYS */;
UNLOCK TABLES;
DROP TABLE IF EXISTS `status`;
/*!40101 SET @saved_cs_client     = @@character_set_client */;
/*!40101 SET character_set_client = utf8 */;
CREATE TABLE `status` (
  `StatusId` int(11) NOT NULL AUTO_INCREMENT,
  `StatusName` varchar(100) NOT NULL,
  `Color` varchar(7) NOT NULL,
  `StatusPhoto` varchar(1000) DEFAULT NULL,
  `MinScores` int(11) DEFAULT NULL,
  `MaxScores` int(11) NOT NULL,
  PRIMARY KEY (`StatusId`)
) ENGINE=InnoDB AUTO_INCREMENT=6 DEFAULT CHARSET=utf8mb4;
/*!40101 SET character_set_client = @saved_cs_client */;

LOCK TABLES `status` WRITE;
/*!40000 ALTER TABLE `status` DISABLE KEYS */;
INSERT INTO `status` VALUES (1,_binary 'Бумажный путешественник',_binary '#8893CD',_binary 'status_one.png',0,44),(2,_binary 'Золотая закладка',_binary '#FFCC4C',_binary 'status_two.png',45,59),(3,_binary 'Мастер переплёта',_binary '#FF87B9',_binary 'status_three.png',60,89),(4,_binary 'Книжный червь',_binary '#7FB880',_binary 'status_four.png',90,179),(5,_binary 'Хранитель библиотеки',_binary '#662C91',_binary 'status_five.png',180,2147483647);
/*!40000 ALTER TABLE `status` ENABLE KEYS */;
UNLOCK TABLES;
DROP TABLE IF EXISTS `subscription`;
/*!40101 SET @saved_cs_client     = @@character_set_client */;
/*!40101 SET character_set_client = utf8 */;
CREATE TABLE `subscription` (
  `SubscriptionId` int(11) NOT NULL AUTO_INCREMENT,
  `Subscriber` int(11) NOT NULL,
  `Blogger` int(11) NOT NULL,
  PRIMARY KEY (`SubscriptionId`),
  KEY `Blog` (`Blogger`),
  KEY `Sub` (`Subscriber`),
  CONSTRAINT `subscription_ibfk_1` FOREIGN KEY (`Subscriber`) REFERENCES `user` (`UserId`),
  CONSTRAINT `subscription_ibfk_2` FOREIGN KEY (`Blogger`) REFERENCES `user` (`UserId`)
) ENGINE=InnoDB AUTO_INCREMENT=405 DEFAULT CHARSET=utf8mb4;
/*!40101 SET character_set_client = @saved_cs_client */;

LOCK TABLES `subscription` WRITE;
/*!40000 ALTER TABLE `subscription` DISABLE KEYS */;
INSERT INTO `subscription` VALUES (370,3,5),(391,3,2),(392,4,2),(393,5,2),(395,2,4),(399,2,5),(404,2,3);
/*!40000 ALTER TABLE `subscription` ENABLE KEYS */;
UNLOCK TABLES;
DROP TABLE IF EXISTS `user`;
/*!40101 SET @saved_cs_client     = @@character_set_client */;
/*!40101 SET character_set_client = utf8 */;
CREATE TABLE `user` (
  `UserId` int(11) NOT NULL AUTO_INCREMENT,
  `Surname` varchar(100) NOT NULL,
  `Name` varchar(100) NOT NULL,
  `Fathername` varchar(100) DEFAULT NULL,
  `UserPhoto` varchar(100) DEFAULT NULL,
  `Nickname` varchar(50) DEFAULT NULL,
  `Phone` varchar(18) NOT NULL,
  `Password` varchar(10) NOT NULL,
  `Email` varchar(70) NOT NULL,
  `Scores` int(11) DEFAULT NULL,
  `Role` int(11) NOT NULL,
  `Status` int(11) NOT NULL,
  `Block` bit(1) DEFAULT NULL,
  PRIMARY KEY (`UserId`),
  KEY `Role` (`Role`),
  KEY `Status` (`Status`),
  CONSTRAINT `user_ibfk_1` FOREIGN KEY (`Role`) REFERENCES `role` (`RoleId`),
  CONSTRAINT `user_ibfk_2` FOREIGN KEY (`Status`) REFERENCES `status` (`StatusId`)
) ENGINE=InnoDB AUTO_INCREMENT=33 DEFAULT CHARSET=utf8mb4;
/*!40101 SET character_set_client = @saved_cs_client */;

LOCK TABLES `user` WRITE;
/*!40000 ALTER TABLE `user` DISABLE KEYS */;
INSERT INTO `user` VALUES (2,_binary 'Садкова',_binary 'Анна',_binary 'Владимировна',_binary '2.jpg',_binary 'fruittytea',_binary '+7 (961) 022 36 00',_binary 'fruittytea',_binary 'sadkovaanna46@gmail.com',210,2,5,_binary '\0'),(3,_binary 'Петров',_binary 'Илья',_binary 'Андреевич',_binary '3.jpg',_binary 'petrov0202',_binary '+7 (976) 952 90 34',_binary 'petrovia',_binary 'petrovia@gmail.com',55,2,2,_binary '\0'),(4,_binary 'Румянцева',_binary 'Анастасия',_binary 'Александровна',_binary '4.jpg',_binary 'nastya2811',_binary '+7 (939) 776 62 46',_binary 'qwerty',_binary 'n.r@gmail.com',65,2,2,_binary '\0'),(5,_binary 'Эрлих',_binary 'Полина',_binary 'Сергеевна',_binary '5.png',_binary 'polina3006',_binary '+7 (999) 785 64 17',_binary 'pserlih',_binary 'pserlih@gmail.com',60,2,2,_binary '\0'),(21,_binary 'Садкова',_binary 'Анна',_binary 'Владимировна',_binary 'NoPhoto.png',_binary 'admin',_binary '+7 (961) 973 26 00',_binary 'admin',_binary 'spacegrey099@gmail.com',NULL,1,1,_binary '\0'),(22,_binary 'Дмитриев',_binary 'Теодор',_binary 'Павлович',_binary '22.jpg',_binary 'teodorDP',_binary '+7 (909) 967 90 89',_binary 'tergff',_binary 'teodorDP@ya.ru',0,2,1,_binary ''),(23,_binary 'Романова',_binary 'Мария',_binary 'Ивановна',_binary '23.jpg',_binary 'MerleWreri',_binary '+7 (137) 271 75 78',_binary 'Sdc&fp683d',_binary 'mariiMerle@ya.ru',20,2,1,_binary '\0'),(26,_binary 'Коряков',_binary 'Илья',_binary 'Иванович',_binary 'NoPhoto.png',_binary 'mzlff',_binary '+7 (805) 499 95 05',_binary 'mzlff0864!',_binary 'mzlff@ya.ru',0,2,1,_binary '\0'),(27,_binary 'Кашин',_binary 'Данила',_binary 'Владимирович',_binary 'NoPhoto.png',_binary 'dkincc',_binary '+7 (875) 975 09 09',_binary 'dk96054inc',_binary 'dkincc@ya.ru',0,2,1,_binary '\0'),(28,_binary 'Новикова',_binary 'Ольга',_binary 'Петровна',_binary '28.jpg',_binary 'nov1lovaa',_binary '+7 (677) 777 77 77',_binary 'dkr6887',_binary 'novikovaa11@ya.ru',0,2,1,_binary '\0'),(29,_binary 'Головин',_binary 'Игнат',_binary 'Васильевич',_binary '29.jpg',_binary 'superreader',_binary '+7 (758) 800 64 08',_binary 'jfker',_binary 'golovin_ig68@ya.ru',0,2,1,_binary ''),(30,_binary 'Лисова',_binary 'Елена',_binary 'Михайловна',_binary '30.jpg',_binary 'lena_lisa',_binary '+7 (664) 666 66 66',_binary '4tvew',_binary 'lena_lisa@ya.ru',0,2,1,_binary '\0'),(31,_binary 'Деникина',_binary 'Александра',_binary 'Максимовна',_binary '31.jpg',_binary 'sashaD',_binary '+7 (367) 638 88 88',_binary '1erge',_binary 'sasha@ya.ru',0,2,1,_binary '\0'),(32,_binary 'Ромадов',_binary 'Николай',_binary 'Вячеславович',_binary 'NoPhoto.png',_binary 'lidasuper',_binary '+7 (894) 985 76 01',_binary 'lida968',_binary 'lida@ya.ru',0,2,1,_binary '\0');
/*!40000 ALTER TABLE `user` ENABLE KEYS */;
UNLOCK TABLES;
/*!50112 SET @disable_bulk_load = IF (@is_rocksdb_supported, 'SET SESSION rocksdb_bulk_load = @old_rocksdb_bulk_load', 'SET @dummy_rocksdb_bulk_load = 0') */;
/*!50112 PREPARE s FROM @disable_bulk_load */;
/*!50112 EXECUTE s */;
/*!50112 DEALLOCATE PREPARE s */;
/*!40103 SET TIME_ZONE=@OLD_TIME_ZONE */;

/*!40101 SET SQL_MODE=@OLD_SQL_MODE */;
/*!40014 SET FOREIGN_KEY_CHECKS=@OLD_FOREIGN_KEY_CHECKS */;
/*!40014 SET UNIQUE_CHECKS=@OLD_UNIQUE_CHECKS */;
/*!40101 SET CHARACTER_SET_CLIENT=@OLD_CHARACTER_SET_CLIENT */;
/*!40101 SET CHARACTER_SET_RESULTS=@OLD_CHARACTER_SET_RESULTS */;
/*!40101 SET COLLATION_CONNECTION=@OLD_COLLATION_CONNECTION */;
/*!40111 SET SQL_NOTES=@OLD_SQL_NOTES */;

